<?xml version="1.0" encoding="UTF-8" standalone="yes"?>
<addon id="plugin.video.gogoanimes" name="GOGO Anime" version="1.0.1" provider-name="GoGo">
    <requires>
        <import addon="script.module.beautifulsoup4" version="4.8.2"/>
        <import addon="script.module.pycryptodome" version="3.4.3"/>
        <import addon="script.module.requests" version="2.22.0"/>
        <import addon="script.module.reroutingpy3" version="0.1.2"/>
        <import addon="script.module.resolveurl" version="5.1.18"/>
        <import addon="xbmc.python" version="3.0.0"/>
    </requires>
    <extension point="xbmc.python.pluginsource" library="addon.py">
        <provides>video</provides>
    </extension>
    <extension point="xbmc.addon.metadata">
        <summary lang="en_GB">Watch GoGoAnime on KODI</summary>
        <description lang="en_GB">This add-on is a fork of cywteow's GoGoAnime add-on. All credit goes to cywteow for the original code. This is simply a small update of that add-on to fix a few issues.</description>
        <language></language>
        <platform>all</platform>
        <license>GPL-3.0</license>
        <news></news>
        <disclaimer>All content from on the gogoanime website</disclaimer>
        <assets>
            <icon>icon.png</icon>
            <fanart>fanart.jpg</fanart>
        </assets>
    </extension>
</addon>