<?xml version="1.0" encoding="UTF-8" standalone="yes"?>
<addon id="plugin.video.fanimef" name="Fanime F" version="1.1.5" provider-name="fanimef">
  <requires>
    <import addon="script.module.simplejson"/>
    <import addon="script.module.requests" />
    <import addon="script.module.beautifulsoup4" />
    <import addon="script.module.six" />
    <import addon="inputstream.adaptive"/>
  </requires>
  <extension point="xbmc.python.pluginsource" library="plugin.py">
    <provides>video</provides>
  </extension>
  <extension point="xbmc.addon.metadata">
    <summary lang="en">Fanatic Anime Fan</summary>
    <description lang="en">This add-on is a fork of FANime. All credit goes to @Nemzzy668 for the original coding. As a fan of Anime, I believe you can't have too many Anime Add-ons.</description>
    <disclaimer lang="en">If You Are Using This Addon To Watch Content You Legally Do Not Have The Rights To Then The Author Takes No Affiliation With This, You Do So At Your Own Judgement And Risk!</disclaimer>
	  <platform>all</platform>
	  <assets>
      <icon>icon.png</icon>
      <fanart>fanart.jpg</fanart>
    </assets>
  </extension>
</addon>